ID,url,role,topic,title,sap_module,description,lastUpdated,sapHelpLink
947ed276-f4b9-4487-8367-0a9688c50da5,https://learning.sap.com/learning-journeys/discover-sap-ai,Developer,AI,Discover SAP AI,AI,"SAP AI Core, AI Launchpad, and building AI-powered applications",2026-02-15T00:00:00Z,https://help.sap.com/docs/ai
3082abe0-ae6a-4bf1-b642-4065ba793c0c,https://learning.sap.com/courses/introduction-to-sap-business-ai,Developer,AI,Introduction to SAP Business AI,AI,"SAP AI strategy, Joule copilot, and embedded AI capabilities",2026-02-15T00:00:00Z,https://help.sap.com/docs/ai
526641a2-7898-43b7-8e28-849df65006b7,https://learning.sap.com/learning-journeys/discover-sap-analytics-cloud,Consultant,Analytics,Discover SAP Analytics Cloud,ANALYTICS,Complete learning journey for SAP Analytics Cloud,2026-02-15T00:00:00Z,https://help.sap.com/docs/sac
99999999-aaaa-4bbb-accc-dddddddddddd,https://learning.sap.com/analytics-cloud,Consultant,Analytics,SAP Analytics Cloud,ANALYTICS,Business intelligence and planning with SAC,2026-02-03T00:00:00Z,https://help.sap.com/docs/sac
6620eca7-b1eb-4454-b616-facec22c9734,https://learning.sap.com/courses/sap-analytics-cloud-getting-started,Consultant,Analytics,SAP Analytics Cloud - Getting Started,ANALYTICS,"Business intelligence, planning, and predictive analytics with SAC",2026-02-15T00:00:00Z,https://help.sap.com/docs/sac
aaaaaaaa-bbbb-4ccc-addd-eeeeeeeeeeee,https://learning.sap.com/bw4hana,Consultant,Analytics,SAP BW/4HANA,ANALYTICS,Data warehousing and analytics with BW/4HANA,2026-02-03T00:00:00Z,https://help.sap.com/docs/bw4hana
fb3ef064-6ab5-4758-a709-52150f576a61,https://learning.sap.com/courses/sap-datasphere-fundamentals,Consultant,Analytics,SAP Datasphere Fundamentals,ANALYTICS,"Data integration, modeling, and consumption in SAP Datasphere",2026-02-15T00:00:00Z,https://help.sap.com/docs/datasphere
56ed789e-94d3-4c0b-97aa-75d4f3d5adf2,https://learning.sap.com/learning-journeys/discover-sap-s-4hana-cloud-public-edition-for-asset-management,Consultant,Asset Management,Discover SAP S/4HANA Cloud for Asset Management,PM,End-to-end asset management and maintenance learning journey,2026-02-15T00:00:00Z,https://help.sap.com/docs/pm
f6dd4cce-cc55-40fe-9dfb-65244375a3ae,https://learning.sap.com/courses/plant-maintenance-in-sap-s-4hana-cloud,Consultant,Asset Management,Plant Maintenance in SAP S/4HANA Cloud,PM,"Preventive and corrective maintenance, work orders, and notifications",2026-02-15T00:00:00Z,https://help.sap.com/docs/pm
33333333-4444-4555-a666-777777777777,https://learning.sap.com/pm-maintenance,Consultant,Asset Management,SAP PM Plant Maintenance,PM,Preventive and corrective maintenance management,2026-01-31T00:00:00Z,https://help.sap.com/docs/pm
05ad645d-c6f5-4725-b537-d97fc9b28f48,https://learning.sap.com/learning-journeys/discover-sap-cloud-alm,Admin,Basis,Discover SAP Cloud ALM,BASIS,"Application lifecycle management in the cloud: monitoring, testing, deploying",2026-02-15T00:00:00Z,https://help.sap.com/docs/cloud-alm
bbbbbbbb-cccc-4ddd-aeee-ffffffffffff,https://learning.sap.com/s4hana-migration,Admin,Basis,S/4HANA Migration,BASIS,System conversion and migration strategies to S/4HANA,2026-02-04T00:00:00Z,https://help.sap.com/docs/s4hana
55555555-5555-4555-a555-555555555555,https://learning.sap.com/basis-administration,Admin,Basis,SAP Basis Administration,BASIS,System administration and monitoring for S/4HANA systems,2026-02-03T00:00:00Z,https://help.sap.com/docs/basis
cc2e2eca-da33-4c8c-9a5f-18ec2ccfa350,https://learning.sap.com/courses/sap-s4hana-migration,Admin,Basis,SAP S/4HANA Migration and Conversion,BASIS,"System conversion strategies, migration cockpit, and data migration",2026-02-15T00:00:00Z,https://help.sap.com/docs/s4hana
5a6b42cd-95db-4a63-9564-b640665b2419,https://learning.sap.com/courses/sap-s4hana-system-administration,Admin,Basis,SAP S/4HANA System Administration,BASIS,"System monitoring, transport management, and background job scheduling",2026-02-15T00:00:00Z,https://help.sap.com/docs/basis
dddddddd-eeee-4fff-a111-222222222222,https://learning.sap.com/solution-manager,Admin,Basis,SAP Solution Manager,BASIS,IT service management and application lifecycle management,2026-02-05T00:00:00Z,https://help.sap.com/docs/solution-manager
abc743f6-9d4a-460e-bcb6-cc2e2c60cf49,https://learning.sap.com/courses/sap-solution-manager-overview,Admin,Basis,SAP Solution Manager Overview,BASIS,"IT service management, change management, and application lifecycle",2026-02-15T00:00:00Z,https://help.sap.com/docs/solution-manager
cccccccc-dddd-4eee-afff-111111111111,https://learning.sap.com/transport-management,Admin,Basis,Transport Management,BASIS,Change and transport system configuration and management,2026-02-04T00:00:00Z,https://help.sap.com/docs/transports
0374282d-3065-48d6-9be1-bebca362d510,https://learning.sap.com/courses/administrating-sap-business-technology-platform,Developer,BTP,Administrating SAP Business Technology Platform,BTP,"BTP cockpit administration, subaccounts, entitlements, and security",2026-02-15T00:00:00Z,https://help.sap.com/docs/btp
10101010-1010-4010-a010-101010101010,https://learning.sap.com/cap-nodejs,Developer,BTP,CAP Node.js Development,BTP,Build cloud applications with SAP Cloud Application Programming Model,2026-01-29T00:00:00Z,https://help.sap.com/docs/cap
cba1dc0e-ce3b-48d9-85ef-6c1587c7fa68,https://learning.sap.com/learning-journeys/developing-applications-running-on-sap-btp-using-sap-hana-cloud,Developer,BTP,Developing Applications on SAP BTP Using SAP HANA Cloud,BTP,"Full-stack development with CAP, HANA Cloud, and BTP",2026-02-15T00:00:00Z,https://help.sap.com/docs/btp
08f9402d-85ef-4e2e-be14-1d88e88d1fdd,https://learning.sap.com/learning-journeys/discover-sap-business-technology-platform,Developer,BTP,Discover SAP Business Technology Platform,BTP,"Comprehensive introduction to SAP BTP services, architecture, and capabilities",2026-02-15T00:00:00Z,https://help.sap.com/docs/btp
f74bbf24-f19f-4a19-a935-a82dfe902e91,https://learning.sap.com/courses/introduction-to-sap-fiori,Developer,BTP,Introduction to SAP Fiori,UI_UX,"SAP Fiori design principles, launchpad, and app types",2026-02-15T00:00:00Z,https://help.sap.com/docs/fiori
ffffffff-ffff-4fff-afff-ffffffffffff,https://learning.sap.com/btp-fundamentals,Developer,BTP,SAP BTP Cloud Platform,BTP,SAP Business Technology Platform fundamentals and architecture,2026-01-29T00:00:00Z,https://help.sap.com/docs/btp
801060bf-cd45-47c4-b8a1-bba6221210a1,https://learning.sap.com/courses/sap-cloud-application-programming-model,Developer,BTP,SAP Cloud Application Programming Model (CAP),BTP,"Build cloud-native apps with CDS, Node.js/Java, and SAP HANA",2026-02-15T00:00:00Z,https://help.sap.com/docs/cap
982704c0-28c4-4cb7-814c-10600aa08555,https://learning.sap.com/courses/sap-cloud-connector,Developer,BTP,SAP Cloud Connector,BTP,Securely connect on-premise SAP systems to SAP BTP cloud services,2026-02-15T00:00:00Z,https://help.sap.com/docs/cloud-connector
eeeeeeee-ffff-4111-a222-333333333333,https://learning.sap.com/cloud-connector,Developer,BTP,SAP Cloud Connector,BTP,Connect on-premise systems to SAP BTP securely,2026-02-05T00:00:00Z,https://help.sap.com/docs/cloud-connector
423da5f5-a8cf-43e2-814a-843e91b35668,https://learning.sap.com/courses/sap-hana-cloud-getting-started,Admin,BTP,SAP HANA Cloud - Getting Started,HANA,Provision and configure SAP HANA Cloud instances on BTP,2026-02-15T00:00:00Z,https://help.sap.com/docs/hana-cloud
66666666-6666-4666-a666-666666666666,https://learning.sap.com/hana-database,Admin,BTP,SAP HANA Database Administration,HANA,Manage and optimize SAP HANA database performance,2026-02-03T00:00:00Z,https://help.sap.com/docs/hana
4d34cec1-00f1-40b4-b516-cb35d3e47095,https://learning.sap.com/courses/security-in-sap-btp,Developer,BTP,Security in SAP BTP,BTP,"Identity authentication, authorization, and trust configuration",2026-02-15T00:00:00Z,https://help.sap.com/docs/btp
bf889c95-8c96-419f-8d4b-5c5a9c608cba,https://learning.sap.com/learning-journeys/discover-sap-s-4hana-cloud,Admin,Cross-Functional,Discover SAP S/4HANA Cloud,BASIS,Comprehensive overview of SAP S/4HANA Cloud Public Edition capabilities,2026-02-15T00:00:00Z,https://help.sap.com/docs/s4hana
a6ada268-466c-4788-af23-8430191670c2,https://learning.sap.com/courses/fit-to-standard-workshops,Admin,Cross-Functional,Fit-to-Standard Workshops,BASIS,Best practice configuration and gap analysis workshops,2026-02-15T00:00:00Z,https://help.sap.com/docs/activate
ea34556d-ac04-47e6-ac18-ad7e48564e6c,https://learning.sap.com/courses/master-data-governance-in-sap-s-4hana,Admin,Cross-Functional,Master Data Governance in SAP S/4HANA,BASIS,"Central governance of business partner, material, and financial master data",2026-02-15T00:00:00Z,https://help.sap.com/docs/mdg
23845edc-5155-41d8-a849-fba07ef3bddd,https://learning.sap.com/courses/sap-activate-methodology,Admin,Cross-Functional,SAP Activate Methodology,BASIS,"Implementation methodology: Discover, Prepare, Explore, Realize, Deploy, Run",2026-02-15T00:00:00Z,https://help.sap.com/docs/activate
92035fbf-c12b-4860-8afd-db0ccf05a4f7,https://learning.sap.com/courses/sap-enable-now-for-organizations,Admin,Cross-Functional,SAP Enable Now for Organizations,BASIS,"Digital adoption: in-app help, guided tours, and learning content",2026-02-15T00:00:00Z,https://help.sap.com/docs/enable-now
22222222-2222-4222-a222-222222222222,https://learning.sap.com/abap-objects,Developer,Development,ABAP Objects Programming,ABAP,Learn object-oriented ABAP programming for S/4HANA applications,2026-02-01T00:00:00Z,https://help.sap.com/docs/abap
67890123-6789-4123-a789-012367890123,https://learning.sap.com/performance-tuning,Developer,Development,ABAP Performance Tuning,ABAP,Optimize ABAP code and database queries,2026-02-06T00:00:00Z,https://help.sap.com/docs/performance
56565656-5656-4656-a656-565656565656,https://learning.sap.com/alv-reporting,Developer,Development,ALV Reporting Techniques,ABAP,Advanced list viewer for interactive reports,2026-01-29T00:00:00Z,https://help.sap.com/docs/alv
67676767-6767-4767-a767-676767676767,https://learning.sap.com/badi-enhancement,Developer,Development,BAdI Enhancement Framework,ABAP,Business Add-Ins for clean core extensions,2026-01-29T00:00:00Z,https://help.sap.com/docs/badi
78787878-7878-4878-a878-787878787878,https://learning.sap.com/bapi-development,Developer,Development,BAPI Development,ABAP,Business Application Programming Interface development,2026-01-30T00:00:00Z,https://help.sap.com/docs/bapi
dddddddd-dddd-4ddd-addd-dddddddddddd,https://learning.sap.com/cds-modeling,Developer,Development,CDS View Modeling,ABAP,Create and optimize Core Data Services views for analytics,2026-01-28T00:00:00Z,https://help.sap.com/docs/cds
f6c46bcc-e510-4580-9dfd-896950c68e18,https://learning.sap.com/courses/cds-views-in-abap,Developer,Development,CDS Views in ABAP,ABAP,"Core Data Services views, annotations, and analytical queries",2026-02-15T00:00:00Z,https://help.sap.com/docs/cds
71c3e616-ede0-487b-81b4-af5130bf3f98,https://learning.sap.com/courses/clean-core-in-sap-s-4hana-cloud,Developer,Development,Clean Core in SAP S/4HANA Cloud,ABAP,"Clean core principles, key user extensibility, and developer extensibility",2026-02-15T00:00:00Z,https://help.sap.com/docs/abap
7619a347-3796-41eb-bae8-3a66efc055c9,https://learning.sap.com/learning-journeys/discover-abap-cloud-development,Developer,Development,Discover ABAP Cloud Development,ABAP,"ABAP Cloud, RAP, CDS views, and clean core development",2026-02-15T00:00:00Z,https://help.sap.com/docs/abap
2bb92388-7142-4ec5-8608-a527b4e6c29c,https://learning.sap.com/courses/fiori-elements-in-sap-s-4hana,Developer,Development,Fiori Elements in SAP S/4HANA,UI_UX,Build SAP Fiori apps using annotations and Fiori Elements templates,2026-02-15T00:00:00Z,https://help.sap.com/docs/fiori-elements
12121212-1212-4212-a212-121212121212,https://learning.sap.com/fiori-launchpad,Developer,Development,Fiori Launchpad Configuration,UI_UX,Configure and customize SAP Fiori Launchpad,2026-01-27T00:00:00Z,https://help.sap.com/docs/flp
eeeeeeee-eeee-4eee-aeee-eeeeeeeeeeee,https://learning.sap.com/odata-services,Developer,Development,OData Service Development,ABAP,Build and expose OData V2/V4 services in S/4HANA,2026-01-28T00:00:00Z,https://help.sap.com/docs/odata
33333333-3333-4333-a333-333333333333,https://learning.sap.com/rap-development,Developer,Development,RAP Development Guide,ABAP,Build Fiori apps using RESTful ABAP Programming model,2026-02-02T00:00:00Z,https://help.sap.com/docs/rap
58feb16d-c415-4480-b716-4ea842196f79,https://learning.sap.com/courses/rap-development-in-sap-s-4hana,Developer,Development,RAP Development in SAP S/4HANA,ABAP,RESTful ABAP Programming model for Fiori apps,2026-02-15T00:00:00Z,https://help.sap.com/docs/rap
34343434-3434-4434-a434-343434343434,https://learning.sap.com/forms-adobe,Developer,Development,SAP Adobe Forms,ABAP,Design and develop interactive Adobe forms,2026-01-28T00:00:00Z,https://help.sap.com/docs/forms
11111111-1111-4111-a111-111111111111,https://learning.sap.com/fiori-fundamentals,Developer,Development,SAP Fiori Fundamentals,UI_UX,Master SAP Fiori design principles and best practices for building intuitive user interfaces,2026-02-01T00:00:00Z,https://help.sap.com/docs/fiori
eac7ff9c-6c8c-4d86-9198-5a4b54ae6e66,https://learning.sap.com/courses/sap-s4hana-cloud-extensibility,Developer,Development,SAP S/4HANA Cloud Extensibility,ABAP,In-app and side-by-side extensions for S/4HANA Cloud,2026-02-15T00:00:00Z,https://help.sap.com/docs/abap
45454545-4545-4545-a545-454545454545,https://learning.sap.com/smartforms,Developer,Development,SAP Smart Forms,ABAP,Create business documents with Smart Forms,2026-01-28T00:00:00Z,https://help.sap.com/docs/smartforms
23232323-2323-4323-a323-232323232323,https://learning.sap.com/workflow,Developer,Development,SAP Workflow Development,ABAP,Business workflow configuration and development,2026-01-27T00:00:00Z,https://help.sap.com/docs/workflow
44444444-4444-4444-a444-444444444444,https://learning.sap.com/ui5-essentials,Developer,Development,SAPUI5 Essentials,UI_UX,Complete SAPUI5 framework training for enterprise applications,2026-02-02T00:00:00Z,https://help.sap.com/docs/ui5
bd142b28-4075-498a-9460-0ba91503cc92,https://learning.sap.com/courses/sapui5-fundamentals,Developer,Development,SAPUI5 Fundamentals,UI_UX,"SAPUI5 framework, controls, data binding, and MVC architecture",2026-02-15T00:00:00Z,https://help.sap.com/docs/ui5
a1a1a1a1-a1a1-41a1-a1a1-a1a1a1a1a1a1,https://learning.sap.com/webdynpro,Developer,Development,Web Dynpro ABAP,ABAP,Web application development with Web Dynpro,2026-01-31T00:00:00Z,https://help.sap.com/docs/webdynpro
d2dcffd4-03d7-4be9-8aaa-d7ae94c3b8af,https://learning.sap.com/courses/accounts-payable-and-receivable-in-sap-s-4hana-cloud,Consultant,Finance,Accounts Payable and Receivable in SAP S/4HANA Cloud,FI_CO,"Vendor and customer invoice processing, payments, and dunning",2026-02-15T00:00:00Z,https://help.sap.com/docs/fi-co
9fedbbdc-595b-4ddf-a96c-7ca07a2ad7e3,https://learning.sap.com/courses/asset-accounting-processes,Consultant,Finance,Asset Accounting Processes,FI_CO,"Learn asset master data, acquisitions, depreciation runs, and retirement processes in S/4HANA",2026-02-15T00:00:00Z,https://help.sap.com/docs/fi-co
6184a9d4-a901-48c0-88dd-a0a8f2e64541,https://learning.sap.com/courses/bank-accounting-in-sap-s-4hana-cloud,Consultant,Finance,Bank Accounting in SAP S/4HANA Cloud,FI_CO,"Bank master data, electronic bank statements, and payment processing",2026-02-15T00:00:00Z,https://help.sap.com/docs/fi-co
6797d209-e027-443c-bf26-17d90fdbb635,https://learning.sap.com/courses/consolidation-processes-in-sap-s-4hana,Consultant,Finance,Consolidation Processes in SAP S/4HANA,FI_CO,Group reporting and consolidation postings in S/4HANA Cloud,2026-02-15T00:00:00Z,https://help.sap.com/docs/fi-co
67b75d77-1ad9-44f0-bca1-4ce99d109da7,https://learning.sap.com/courses/cost-center-accounting-in-sap-s-4hana,Consultant,Finance,Cost Center Accounting in SAP S/4HANA,FI_CO,"Cost center planning, postings, and allocations",2026-02-15T00:00:00Z,https://help.sap.com/docs/fi-co
95723481-801d-4ade-9a97-875d58c9dc89,https://learning.sap.com/courses/detailing-posting-control-allocations-and-settlement,Consultant,Finance,Detailing Posting Control Allocations and Settlement,FI_CO,"Overhead cost accounting: posting control, allocations, and settlement",2026-02-15T00:00:00Z,https://help.sap.com/docs/fi-co
81cd4716-1057-4b89-98e3-6eca2530dd5c,https://learning.sap.com/learning-journeys/discover-sap-s-4hana-cloud-public-edition-for-finance,Consultant,Finance,Discover SAP S/4HANA Cloud for Finance,FI_CO,End-to-end learning journey covering all finance processes in S/4HANA Cloud,2026-02-15T00:00:00Z,https://help.sap.com/docs/fi-co
2620b2c4-0b65-471d-a007-87ce5e2df634,https://learning.sap.com/learning-journeys/discovering-finance-in-sap-s-4hana,Consultant,Finance,Discovering Finance in SAP S/4HANA,FI_CO,Comprehensive introduction to Financial Accounting in S/4HANA,2026-02-15T00:00:00Z,https://help.sap.com/docs/fi-co
3f441f15-901d-42ca-b0a8-a6ae4fc38c9c,https://learning.sap.com/courses/financial-close-in-sap-s-4hana-cloud,Consultant,Finance,Financial Close in SAP S/4HANA Cloud,FI_CO,"Period-end closing activities, balance carryforward, and financial statements",2026-02-15T00:00:00Z,https://help.sap.com/docs/fi-co
208dd7ea-f93c-49f3-8659-fde2534acf6f,https://learning.sap.com/courses/general-ledger-accounting-in-sap-s-4hana-cloud,Consultant,Finance,General Ledger Accounting in SAP S/4HANA Cloud,FI_CO,"Chart of accounts, journal entries, and G/L accounting processes",2026-02-15T00:00:00Z,https://help.sap.com/docs/fi-co
f89295cc-f27f-4801-aaca-7f1648c20395,https://learning.sap.com/courses/localization-in-sap-s-4hana-cloud,Consultant,Finance,Localization in SAP S/4HANA Cloud,FI_CO,Country-specific legal requirements and localization settings,2026-02-15T00:00:00Z,https://help.sap.com/docs/fi-co
9f6f6b92-0c23-4d32-a451-c12ff59d4c78,https://learning.sap.com/courses/profitability-analysis-in-sap-s-4hana-cloud,Consultant,Finance,Profitability Analysis in SAP S/4HANA Cloud,FI_CO,Configure and run profitability analysis using margin analysis,2026-02-15T00:00:00Z,https://help.sap.com/docs/fi-co
c3c3c3c3-c3c3-43c3-a3c3-c3c3c3c3c3c3,https://learning.sap.com/co-controlling,Consultant,Finance,SAP CO Controlling,FI_CO,Cost center profit center and internal orders,2026-02-01T00:00:00Z,https://help.sap.com/docs/controlling
88888888-9999-4aaa-bbbb-cccccccccccc,https://learning.sap.com/concur-expense,Consultant,Finance,SAP Concur Expense,FI_CO,Travel and expense management in the cloud,2026-02-02T00:00:00Z,https://help.sap.com/docs/concur
d4d4d4d4-d4d4-44d4-a4d4-d4d4d4d4d4d4,https://learning.sap.com/asset-accounting,Consultant,Finance,SAP FI-AA Asset Accounting,FI_CO,Fixed asset management and depreciation,2026-02-02T00:00:00Z,https://help.sap.com/docs/asset
e5e5e5e5-e5e5-45e5-a5e5-e5e5e5e5e5e5,https://learning.sap.com/accounts-payable,Consultant,Finance,SAP FI-AP Accounts Payable,FI_CO,Vendor invoice processing and payment management,2026-02-02T00:00:00Z,https://help.sap.com/docs/ap
f6f6f6f6-f6f6-46f6-a6f6-f6f6f6f6f6f6,https://learning.sap.com/accounts-receivable,Consultant,Finance,SAP FI-AR Accounts Receivable,FI_CO,Customer invoice and dunning management,2026-02-03T00:00:00Z,https://help.sap.com/docs/ar
77777777-7777-4777-a777-777777777777,https://learning.sap.com/fico-fundamentals,Consultant,Finance,SAP FICO Fundamentals,FI_CO,Financial accounting and controlling configuration and processes,2026-02-04T00:00:00Z,https://help.sap.com/docs/fico
b2b2b2b2-b2b2-42b2-b2b2-b2b2b2b2b2b2,https://learning.sap.com/tr-treasury,Consultant,Finance,SAP TR Treasury,FI_CO,Treasury and cash management processes,2026-02-01T00:00:00Z,https://help.sap.com/docs/treasury
858baea0-8a0f-4d5d-bad3-a8fe1d90c741,https://learning.sap.com/learning-journeys/discover-sap-successfactors,Consultant,HR,Discover SAP SuccessFactors,HR,"Employee Central, talent management, payroll, and analytics",2026-02-15T00:00:00Z,https://help.sap.com/docs/successfactors
55555555-6666-4777-8888-999999999999,https://learning.sap.com/hr-payroll,Consultant,HR,SAP HCM Payroll,HR,Human capital management and payroll processing,2026-02-01T00:00:00Z,https://help.sap.com/docs/hcm
66666666-7777-4888-9999-aaaaaaaaaaaa,https://learning.sap.com/successfactors,Consultant,HR,SAP SuccessFactors Core,HR,Employee central and talent management in SuccessFactors,2026-02-01T00:00:00Z,https://help.sap.com/docs/successfactors
4c960aca-f885-4ad0-bb5c-c59753720601,https://learning.sap.com/courses/sap-successfactors-employee-central,Consultant,HR,SAP SuccessFactors Employee Central,HR,"Core HR: organizational management, employee data, and time off",2026-02-15T00:00:00Z,https://help.sap.com/docs/successfactors
2d812b0a-9441-475c-a55d-c5244ebd2e15,https://learning.sap.com/courses/sap-successfactors-recruiting,Consultant,HR,SAP SuccessFactors Recruiting,HR,"Job requisitions, candidate management, and offer letters",2026-02-15T00:00:00Z,https://help.sap.com/docs/successfactors
17d801bb-a6ec-4697-9220-4dc9be9edf2b,https://learning.sap.com/learning-journeys/discover-sap-integration-suite,Developer,Integration,Discover SAP Integration Suite,BTP,"Cloud Integration, API Management, Event Mesh, and Integration Advisor",2026-02-15T00:00:00Z,https://help.sap.com/docs/integration-suite
90909090-9090-4090-9090-909090909090,https://learning.sap.com/idoc-edi,Developer,Integration,IDoc & EDI Processing,ABAP,Intermediate document processing for data exchange,2026-01-31T00:00:00Z,https://help.sap.com/docs/idoc
89898989-8989-4989-8989-898989898989,https://learning.sap.com/rfc-integration,Developer,Integration,RFC & Integration,ABAP,Remote Function Call for system integration,2026-01-30T00:00:00Z,https://help.sap.com/docs/rfc
50b559bc-ec9c-41be-ad47-eaf12ba11b16,https://learning.sap.com/courses/sap-api-management,Developer,Integration,SAP API Management,BTP,"Create, publish, and manage APIs with API Management",2026-02-15T00:00:00Z,https://help.sap.com/docs/api-management
498184b6-ffe6-4469-82f0-689d63e2658d,https://learning.sap.com/courses/sap-cloud-integration,Developer,Integration,SAP Cloud Integration,BTP,Design and monitor integration flows in SAP Integration Suite,2026-02-15T00:00:00Z,https://help.sap.com/docs/integration-suite
61e1d3e0-cfaa-40da-86b1-206cdd59a63c,https://learning.sap.com/learning-journeys/discover-sap-build,Developer,Low-Code,Discover SAP Build,BTP,"Low-code/no-code development with SAP Build Apps, Process Automation, and Work Zone",2026-02-15T00:00:00Z,https://help.sap.com/docs/build
0cb870a6-9fcb-4593-a33d-b416ea4f2986,https://learning.sap.com/courses/sap-build-apps-getting-started,Developer,Low-Code,SAP Build Apps - Getting Started,BTP,Create business apps visually without coding using SAP Build Apps,2026-02-15T00:00:00Z,https://help.sap.com/docs/build-apps
0de30cb5-de10-4f2b-97bc-4af4e0561923,https://learning.sap.com/courses/sap-build-process-automation,Developer,Low-Code,SAP Build Process Automation,BTP,"Automate business processes with workflows, decisions, and RPA bots",2026-02-15T00:00:00Z,https://help.sap.com/docs/build-process-automation
1f573fa4-271e-4aa7-abcc-00196db6caec,https://learning.sap.com/courses/sap-build-work-zone,Developer,Low-Code,SAP Build Work Zone,BTP,"Digital workplace with business sites, workspaces, and integrated apps",2026-02-15T00:00:00Z,https://help.sap.com/docs/build-work-zone
ef8618a2-570d-434a-807e-a7048fed8f6c,https://learning.sap.com/learning-journeys/discover-sap-s-4hana-cloud-public-edition-for-manufacturing,Consultant,Manufacturing,Discover SAP S/4HANA Cloud for Manufacturing,PP,Complete manufacturing learning journey,2026-02-15T00:00:00Z,https://help.sap.com/docs/pp
22a4f26c-8223-4f1a-a3f5-d6a03a1c4cba,https://learning.sap.com/courses/manufacturing-execution-in-sap-s-4hana-cloud,Consultant,Manufacturing,Manufacturing Execution in SAP S/4HANA Cloud,PP,"Shop floor control, production confirmations, and backflushing",2026-02-15T00:00:00Z,https://help.sap.com/docs/pp
45678901-4567-4901-a567-890145678901,https://learning.sap.com/mrp-planning,Consultant,Manufacturing,PP MRP Planning,PP,Material requirements planning and procurement,2026-02-05T00:00:00Z,https://help.sap.com/docs/mrp
56789012-5678-4012-a678-901256789012,https://learning.sap.com/shop-floor,Consultant,Manufacturing,PP Shop Floor Control,PP,Production orders and manufacturing execution,2026-02-05T00:00:00Z,https://help.sap.com/docs/shopfloor
aaaaaaaa-aaaa-4aaa-aaaa-aaaaaaaaaaaa,https://learning.sap.com/pp-production,Consultant,Manufacturing,SAP PP Production Planning,PP,Production planning and manufacturing execution processes,2026-02-05T00:00:00Z,https://help.sap.com/docs/pp
2dbd8f5b-75fe-446b-a04f-c8c3a282bce0,https://learning.sap.com/learning-journeys/discover-sap-signavio,Developer,Process Mining,Discover SAP Signavio,BTP,"Process mining, process management, and process intelligence",2026-02-15T00:00:00Z,https://help.sap.com/docs/signavio
645f7c40-a982-4545-9bcd-c73e6d953f82,https://learning.sap.com/courses/sap-signavio-process-insights,Developer,Process Mining,SAP Signavio Process Insights,BTP,Analyze and optimize business processes with process mining,2026-02-15T00:00:00Z,https://help.sap.com/docs/signavio
5011c744-c7b5-455b-bb05-a50b48d35b09,https://learning.sap.com/learning-journeys/discover-sap-ariba,Consultant,Procurement,Discover SAP Ariba,MM,"Cloud procurement: sourcing, contracts, and supplier management",2026-02-15T00:00:00Z,https://help.sap.com/docs/ariba
f8def427-a42e-44ca-9b79-4a91b1658987,https://learning.sap.com/learning-journeys/discover-sap-s-4hana-cloud-public-edition-for-sourcing-and-procurement,Consultant,Procurement,Discover SAP S/4HANA Cloud for Sourcing and Procurement,MM,Full procurement learning journey from sourcing to payment,2026-02-15T00:00:00Z,https://help.sap.com/docs/mm
e9712357-d204-4e20-8df4-bd2f8e55cec9,https://learning.sap.com/courses/inventory-management-in-sap-s-4hana-cloud,Consultant,Procurement,Inventory Management in SAP S/4HANA Cloud,MM,"Goods movements, stock overview, and inventory valuation",2026-02-15T00:00:00Z,https://help.sap.com/docs/mm
9ad407d3-adee-4076-9519-b73f4d11bbb1,https://learning.sap.com/courses/invoice-verification-in-sap-s-4hana-cloud,Consultant,Procurement,Invoice Verification in SAP S/4HANA Cloud,MM,Logistics invoice verification and three-way matching,2026-02-15T00:00:00Z,https://help.sap.com/docs/mm
34567890-3456-4890-a456-789034567890,https://learning.sap.com/inventory-management,Consultant,Procurement,MM Inventory Management,MM,Stock movements and inventory valuation,2026-02-04T00:00:00Z,https://help.sap.com/docs/inventory
3ba0f2e6-4c04-4997-8b08-0c99b4675483,https://learning.sap.com/courses/purchasing-in-sap-s-4hana,Consultant,Procurement,Purchasing in SAP S/4HANA,MM,"Purchasing processes: purchase requisitions, purchase orders, and goods receipt",2026-02-15T00:00:00Z,https://help.sap.com/docs/mm
77777777-8888-4999-aaaa-bbbbbbbbbbbb,https://learning.sap.com/ariba-procurement,Consultant,Procurement,SAP Ariba Procurement,MM,Cloud-based procurement and supplier management,2026-02-02T00:00:00Z,https://help.sap.com/docs/ariba
88888888-8888-4888-8888-888888888888,https://learning.sap.com/mm-procurement,Consultant,Procurement,SAP MM Material Management,MM,Materials management and procurement business processes,2026-02-04T00:00:00Z,https://help.sap.com/docs/mm
67cfa236-12b4-48c2-9d21-e7ab58e84be9,https://learning.sap.com/courses/project-management-in-sap-s-4hana-cloud,Consultant,Professional Services,Project Management in SAP S/4HANA Cloud,PS,"Project planning, resource management, and time recording",2026-02-15T00:00:00Z,https://help.sap.com/docs/ps
44444444-5555-4666-a777-888888888888,https://learning.sap.com/ps-project,Consultant,Professional Services,SAP PS Project Systems,PM,Project planning execution and controlling processes,2026-01-31T00:00:00Z,https://help.sap.com/docs/ps
2668344f-21d8-429a-98fd-76c15493346b,https://learning.sap.com/courses/complaint-handling-in-sap-s-4hana-cloud,Consultant,Sales,Complaint Handling in SAP S/4HANA Cloud,SD,"Returns, credit/debit memos, and complaint management processes",2026-02-15T00:00:00Z,https://help.sap.com/docs/sd
7ba511d6-dca3-466b-9a8d-c2b5485f5e25,https://learning.sap.com/learning-journeys/discover-sap-s-4hana-cloud-public-edition-for-sales,Consultant,Sales,Discover SAP S/4HANA Cloud for Sales,SD,Learning journey for Sales processes in S/4HANA Cloud,2026-02-15T00:00:00Z,https://help.sap.com/docs/sd
8d1a3d8d-74ec-4ae5-91c8-96b1d565f124,https://learning.sap.com/courses/pricing-in-sap-s-4hana-cloud,Consultant,Sales,Pricing in SAP S/4HANA Cloud,SD,"Pricing procedures, condition techniques, and pricing configuration",2026-02-15T00:00:00Z,https://help.sap.com/docs/sd
6b3f18e2-eace-44bc-8431-222501e6c69e,https://learning.sap.com/courses/sales-order-management-in-sap-s-4hana-cloud,Consultant,Sales,Sales Order Management in SAP S/4HANA Cloud,SD,"Order-to-cash process: sales orders, deliveries, and billing",2026-02-15T00:00:00Z,https://help.sap.com/docs/sd
99999999-9999-4999-9999-999999999999,https://learning.sap.com/sd-sales,Consultant,Sales,SAP SD Sales & Distribution,SD,Sales order processing and distribution management,2026-02-05T00:00:00Z,https://help.sap.com/docs/sd
23456789-2345-4789-a345-678923456789,https://learning.sap.com/credit-management,Consultant,Sales,SD Credit Management,SD,Customer credit limit checks and risk management,2026-02-04T00:00:00Z,https://help.sap.com/docs/credit
12345678-1234-4678-a234-567812345678,https://learning.sap.com/pricing-config,Consultant,Sales,SD Pricing Configuration,SD,Pricing procedures and condition techniques,2026-02-03T00:00:00Z,https://help.sap.com/docs/pricing
a38bc15e-a064-4529-869b-b5a4919c2c3d,https://learning.sap.com/courses/sap-authorization-concept,Admin,Security,SAP Authorization Concept,SECURITY,"PFCG roles, authorization objects, and user administration",2026-02-15T00:00:00Z,https://help.sap.com/docs/security
3d89b34d-7fef-43e0-8ddd-83604d655db2,https://learning.sap.com/courses/sap-grc-access-control,Admin,Security,SAP GRC Access Control,SECURITY,"Segregation of duties, access risk analysis, and emergency access",2026-02-15T00:00:00Z,https://help.sap.com/docs/grc
cccccccc-cccc-4ccc-accc-cccccccccccc,https://learning.sap.com/grc-compliance,Admin,Security,SAP GRC Compliance,SECURITY,Governance risk and compliance management in SAP,2026-02-06T00:00:00Z,https://help.sap.com/docs/grc
69bfd66f-a4e4-4d23-8d9a-0b7edbcb321c,https://learning.sap.com/courses/sap-identity-authentication,Admin,Security,SAP Identity Authentication Service,SECURITY,"Cloud identity management, SSO, and MFA configuration",2026-02-15T00:00:00Z,https://help.sap.com/docs/identity-authentication
ffffffff-1111-4222-a333-444444444444,https://learning.sap.com/idm-identity,Admin,Security,SAP IDM Identity Management,SECURITY,Identity provisioning and access governance,2026-02-06T00:00:00Z,https://help.sap.com/docs/idm
bbbbbbbb-bbbb-4bbb-bbbb-bbbbbbbbbbbb,https://learning.sap.com/security-pfcg,Admin,Security,SAP Security & PFCG,SECURITY,Role-based authorization and user management with PFCG,2026-02-06T00:00:00Z,https://help.sap.com/docs/security
707b23fd-326a-480d-8a89-fcf3e8cbc5ee,https://learning.sap.com/learning-journeys/discover-sap-s-4hana-cloud-public-edition-for-supply-chain,Consultant,Supply Chain,Discover SAP S/4HANA Cloud for Supply Chain,SCM,End-to-end supply chain learning journey,2026-02-15T00:00:00Z,https://help.sap.com/docs/scm
c9ca5621-3633-494e-851f-701e35086118,https://learning.sap.com/courses/production-planning-in-sap-s-4hana-cloud,Consultant,Supply Chain,Production Planning in SAP S/4HANA Cloud,PP,"MRP, production orders, and manufacturing execution",2026-02-15T00:00:00Z,https://help.sap.com/docs/pp
61827b1f-1f2f-4712-a0e7-18de35e462ff,https://learning.sap.com/courses/quality-management-in-sap-s-4hana-cloud,Consultant,Supply Chain,Quality Management in SAP S/4HANA Cloud,PP,"Quality planning, inspection lots, and certificates",2026-02-15T00:00:00Z,https://help.sap.com/docs/pp
22222222-3333-4444-a555-666666666666,https://learning.sap.com/qm-quality,Consultant,Supply Chain,SAP QM Quality Management,PP,Quality planning inspection and certificates in production,2026-01-30T00:00:00Z,https://help.sap.com/docs/qm
11111111-2222-4333-a444-555555555555,https://learning.sap.com/wm-warehouse,Consultant,Supply Chain,SAP WM Warehouse Management,MM,Warehouse management and inventory control processes,2026-01-30T00:00:00Z,https://help.sap.com/docs/wm
d681600d-825b-43f3-b544-f6f2f4cce122,https://learning.sap.com/courses/warehouse-management-in-sap-s-4hana-cloud,Consultant,Supply Chain,Warehouse Management in SAP S/4HANA Cloud,WM,Extended warehouse management processes and inbound/outbound,2026-02-15T00:00:00Z,https://help.sap.com/docs/wm
f7420d55-ece3-4a45-8493-874e2dc6cdeb,https://learning.sap.com/learning-journeys/discover-sap-sustainability-solutions,Consultant,Sustainability,Discover SAP Sustainability Solutions,ANALYTICS,"Full sustainability portfolio: Green Ledger, Product Footprint, Climate Action",2026-02-15T00:00:00Z,https://help.sap.com/docs/sustainability
2487c88c-d447-42cb-9843-34dcd87494ba,https://learning.sap.com/courses/sap-sustainability-control-tower,Consultant,Sustainability,SAP Sustainability Control Tower,ANALYTICS,"ESG reporting, carbon footprint tracking, and sustainability KPIs",2026-02-15T00:00:00Z,https://help.sap.com/docs/sustainability
